{
  "label": "c1ii_no_apl_fix_s44",
  "seed": 44,
  "loss": "CE + KC_sp [no_apl]",
  "energy_weight": 0.0,
  "apl_boost": 4.0,
  "accuracy": 0.6928571428571428,
  "centroid_accuracy": 0.6071428571428571,
  "per_type_sparsity": {
    "orn": 0.7666446169217428,
    "ln": 0.35084448258082074,
    "pn": 0.20781893034776053,
    "kc": 0.12329603814416462
  },
  "decorrelation": {
    "al": 15.456014832531562,
    "mb": 31.496040213485756,
    "total": 42.59485879092668
  },
  "mancini": {
    "ratio": NaN,
    "passes": false,
    "baseline": NaN,
    "boosted": NaN
  },
  "concentration_invariance": {
    "or_range": 1.7444478288775673,
    "pn_range": 1.1967723821184064,
    "kc_range": 1.1123315340224234,
    "sublinear_pn": true,
    "flat_kc": true,
    "robust_class": true,
    "odor_identity": "PARTIAL"
  },
  "g_soma_nS": 14.057301430710227,
  "apl_gain": 3.783505853677006e-44
}