{
  "label": "c1i_no_gap_s43",
  "seed": 43,
  "loss": "CE + KC_sp [no_gap]",
  "energy_weight": 0.0,
  "apl_boost": 4.0,
  "accuracy": 0.7428571428571429,
  "centroid_accuracy": 0.6714285714285714,
  "per_type_sparsity": {
    "orn": 0.5795855422814687,
    "ln": 0.34152091874016655,
    "pn": 0.31320730845133465,
    "kc": 0.1286329726378123
  },
  "decorrelation": {
    "al": 7.1114713414482615,
    "mb": 35.993262091774426,
    "total": 40.84755001481463
  },
  "mancini": {
    "ratio": 1.9113247863247864,
    "passes": "True",
    "baseline": 89.45,
    "boosted": 46.8
  },
  "concentration_invariance": {
    "or_range": 1.7608588359388229,
    "pn_range": 1.3593347639078834,
    "kc_range": 1.18387603762985,
    "sublinear_pn": true,
    "flat_kc": true,
    "robust_class": true,
    "odor_identity": "PARTIAL"
  },
  "g_soma_nS": 14.625033423738614,
  "apl_gain": 7.500894546508789
}