{
  "label": "c3_fix_q0.417_s43",
  "seed": 43,
  "loss": "CE + KC_sp [ln_q0.42]",
  "energy_weight": 0.0,
  "apl_boost": 4.0,
  "accuracy": 0.7071428571428572,
  "centroid_accuracy": 0.6821428571428572,
  "per_type_sparsity": {
    "orn": 0.6324955953492059,
    "ln": 0.33451217744085526,
    "pn": 0.3174189825852712,
    "kc": 0.12985468241903517
  },
  "decorrelation": {
    "al": 0.016889908496175998,
    "mb": 39.34525218724168,
    "total": 39.68109946083443
  },
  "mancini": {
    "ratio": 1.9822361546499476,
    "passes": "True",
    "baseline": 94.85,
    "boosted": 47.85
  },
  "concentration_invariance": {
    "or_range": 1.7608588359388229,
    "pn_range": 1.259019080735467,
    "kc_range": 1.1560829836605127,
    "sublinear_pn": true,
    "flat_kc": true,
    "robust_class": true,
    "odor_identity": "PARTIAL"
  },
  "g_soma_nS": 14.790487249974738,
  "apl_gain": 7.122832298278809,
  "gap_conductances_nS": {
    "ln_nS": 0.14182229408077401,
    "pn_nS": 0.09399725660071825,
    "eln_pn_nS": 0.07998115990965288
  }
}