{
  "label": "c3_fix_q0.417_s46",
  "seed": 46,
  "loss": "CE + KC_sp [ln_q0.42]",
  "energy_weight": 0.0,
  "apl_boost": 4.0,
  "accuracy": 0.7214285714285714,
  "centroid_accuracy": 0.6535714285714286,
  "per_type_sparsity": {
    "orn": 0.6237323615286086,
    "ln": 0.33772719237539506,
    "pn": 0.30735596352153355,
    "kc": 0.12437307006782955
  },
  "decorrelation": {
    "al": -1.4843222616850005,
    "mb": 39.327366462475,
    "total": 38.80392555498794
  },
  "mancini": {
    "ratio": 1.8334985133795836,
    "passes": "True",
    "baseline": 92.5,
    "boosted": 50.45
  },
  "concentration_invariance": {
    "or_range": 1.7421340352298036,
    "pn_range": 1.2640778307890195,
    "kc_range": 1.147528786978356,
    "sublinear_pn": true,
    "flat_kc": true,
    "robust_class": true,
    "odor_identity": "PARTIAL"
  },
  "g_soma_nS": 14.927231732094745,
  "apl_gain": 6.835460662841797,
  "gap_conductances_nS": {
    "ln_nS": 0.14295519569354864,
    "pn_nS": 0.09208897008938116,
    "eln_pn_nS": 0.07778222318584967
  }
}