{
  "label": "c3_fix_q0.50_s45",
  "seed": 45,
  "loss": "CE + KC_sp [ln_q0.50]",
  "energy_weight": 0.0,
  "apl_boost": 4.0,
  "accuracy": 0.6642857142857143,
  "centroid_accuracy": 0.6571428571428571,
  "per_type_sparsity": {
    "orn": 0.6502976218859354,
    "ln": 0.3465363581975301,
    "pn": 0.34243183996942306,
    "kc": 0.12516075289911693
  },
  "decorrelation": {
    "al": -4.345472311737342,
    "mb": 39.315539908267326,
    "total": 37.314109142668826
  },
  "mancini": {
    "ratio": 1.7992087042532148,
    "passes": "True",
    "baseline": 90.95,
    "boosted": 50.55
  },
  "concentration_invariance": {
    "or_range": 1.755361791804244,
    "pn_range": 1.1568626999180525,
    "kc_range": 1.1105516719023554,
    "sublinear_pn": true,
    "flat_kc": true,
    "robust_class": true,
    "odor_identity": "PARTIAL"
  },
  "g_soma_nS": 14.55643354773669,
  "apl_gain": 6.548802375793457,
  "gap_conductances_nS": {
    "ln_nS": 0.13575887714503987,
    "pn_nS": 0.09191801653126774,
    "eln_pn_nS": 0.07970822347875692
  }
}