{
  "label": "c3_fix_q0.50_s46",
  "seed": 46,
  "loss": "CE + KC_sp [ln_q0.50]",
  "energy_weight": 0.0,
  "apl_boost": 4.0,
  "accuracy": 0.6714285714285714,
  "centroid_accuracy": 0.6607142857142857,
  "per_type_sparsity": {
    "orn": 0.6203703747855293,
    "ln": 0.3372770912117428,
    "pn": 0.33503730098406476,
    "kc": 0.12585197968615425
  },
  "decorrelation": {
    "al": -4.247939272242163,
    "mb": 39.868936835350844,
    "total": 37.96150506080917
  },
  "mancini": {
    "ratio": 1.8250988142292488,
    "passes": "True",
    "baseline": 92.35,
    "boosted": 50.6
  },
  "concentration_invariance": {
    "or_range": 1.7421340352298036,
    "pn_range": 1.1961492534828433,
    "kc_range": 1.1343832882373026,
    "sublinear_pn": true,
    "flat_kc": true,
    "robust_class": true,
    "odor_identity": "PARTIAL"
  },
  "g_soma_nS": 14.8921676999657,
  "apl_gain": 6.870107650756836,
  "gap_conductances_nS": {
    "ln_nS": 0.14568992920985666,
    "pn_nS": 0.09221812688579911,
    "eln_pn_nS": 0.07747750522172793
  }
}