{
  "label": "c6_n14_s42",
  "n_odors": 14,
  "seed": 42,
  "accuracy": 0.7142857142857143,
  "centroid_accuracy": 0.6142857142857143,
  "kc_sparsity": 0.10567129552364349,
  "decorrelation": {
    "al": -17.09521926329789,
    "mb": 35.91534614578143,
    "total": 26.114845765086724
  },
  "mancini": {
    "ratio": 1.7224719101123598,
    "passes": true
  },
  "threshold_stats": {
    "n_kc": 144,
    "v_th_mean_mV": -35.66995620727539,
    "v_th_std_mV": 7.464409351348877,
    "v_th_min_mV": -55.0,
    "v_th_max_mV": -30.0,
    "v_th_median_mV": -33.315696716308594,
    "frac_at_upper_bound": 0.3541666666666667,
    "n_at_upper_bound": 51,
    "frac_at_lower_bound": 0.020833333333333332,
    "n_at_lower_bound": 3,
    "v_th_values_mV": [
      -34.9288444519043,
      -33.16114807128906,
      -53.89118957519531,
      -31.530271530151367,
      -31.659990310668945,
      -47.3316535949707,
      -53.01345443725586,
      -32.58182144165039,
      -30.11458969116211,
      -30.0,
      -30.0,
      -33.86500549316406,
      -34.11357498168945,
      -46.77859878540039,
      -47.638710021972656,
      -48.845703125,
      -39.212318420410156,
      -52.0150260925293,
      -44.0176887512207,
      -51.74669647216797,
      -30.0,
      -34.58973693847656,
      -41.85258102416992,
      -43.696800231933594,
      -52.17224884033203,
      -50.071685791015625,
      -54.78127670288086,
      -53.5597038269043,
      -40.24942398071289,
      -54.009368896484375,
      -53.75885772705078,
      -49.163917541503906,
      -34.59696578979492,
      -34.30465316772461,
      -30.321989059448242,
      -36.56806945800781,
      -37.21580123901367,
      -36.17009353637695,
      -33.59539794921875,
      -50.15465545654297,
      -54.9387092590332,
      -55.0,
      -34.582942962646484,
      -53.245418548583984,
      -51.165199279785156,
      -53.16008377075195,
      -32.16454315185547,
      -30.0,
      -30.0,
      -30.0,
      -33.94236373901367,
      -31.79606819152832,
      -30.0,
      -30.0,
      -30.0,
      -30.0,
      -35.578250885009766,
      -33.55094909667969,
      -30.0,
      -31.037429809570312,
      -30.0,
      -30.0,
      -30.0,
      -36.442298889160156,
      -30.0,
      -30.0,
      -30.0,
      -31.39617347717285,
      -30.0,
      -37.40480041503906,
      -30.067344665527344,
      -30.0,
      -30.0,
      -43.07875442504883,
      -32.4310302734375,
      -33.63894271850586,
      -30.0,
      -30.0,
      -32.38168716430664,
      -30.90361785888672,
      -34.51662063598633,
      -30.129810333251953,
      -34.99568176269531,
      -30.0,
      -30.0,
      -30.0,
      -30.0,
      -31.67044448852539,
      -34.777164459228516,
      -36.692203521728516,
      -31.945579528808594,
      -34.47567367553711,
      -34.4107666015625,
      -34.06174087524414,
      -37.79362106323242,
      -37.15154266357422,
      -34.212562561035156,
      -34.1876335144043,
      -30.0,
      -35.522579193115234,
      -30.0,
      -30.0,
      -36.3441276550293,
      -31.835254669189453,
      -30.0,
      -36.38738250732422,
      -30.0,
      -30.0,
      -30.0,
      -35.66230392456055,
      -30.0,
      -30.0,
      -30.0,
      -32.75123977661133,
      -30.0,
      -30.0,
      -30.0,
      -30.0,
      -30.0,
      -30.0,
      -49.44396209716797,
      -39.050411224365234,
      -30.461313247680664,
      -31.10215950012207,
      -32.5498161315918,
      -34.33943176269531,
      -31.826641082763672,
      -30.0,
      -33.470245361328125,
      -36.20519256591797,
      -30.478364944458008,
      -31.02470588684082,
      -30.0,
      -33.91606140136719,
      -31.385305404663086,
      -36.091678619384766,
      -32.02598190307617,
      -34.33776092529297,
      -35.17668533325195,
      -34.259620666503906,
      -30.0,
      -34.97426986694336,
      -35.31034851074219,
      -34.33375549316406
    ]
  }
}