{
  "label": "c6_n56_s43",
  "n_odors": 56,
  "seed": 43,
  "accuracy": 0.8607142857142858,
  "centroid_accuracy": 0.7648114901256733,
  "kc_sparsity": 0.10344328814082676,
  "decorrelation": {
    "al": 13.586533644048405,
    "mb": 36.64257394737793,
    "total": 45.11808434809539
  },
  "mancini": {
    "ratio": 1.6594885598923284,
    "passes": true
  },
  "threshold_stats": {
    "n_kc": 144,
    "v_th_mean_mV": -35.552825927734375,
    "v_th_std_mV": 8.624571800231934,
    "v_th_min_mV": -53.35862731933594,
    "v_th_max_mV": -30.0,
    "v_th_median_mV": -30.00087547302246,
    "frac_at_upper_bound": 0.5763888888888888,
    "n_at_upper_bound": 83,
    "frac_at_lower_bound": 0.0,
    "n_at_lower_bound": 0,
    "v_th_values_mV": [
      -31.045440673828125,
      -34.75288391113281,
      -50.4591064453125,
      -30.13397979736328,
      -35.73687744140625,
      -53.13279724121094,
      -52.16067886352539,
      -49.97265625,
      -48.07871627807617,
      -50.920989990234375,
      -48.63287353515625,
      -31.03072166442871,
      -32.28769302368164,
      -48.95207977294922,
      -51.48821258544922,
      -52.099029541015625,
      -30.00969886779785,
      -49.86043930053711,
      -52.97593688964844,
      -52.16140365600586,
      -46.47917556762695,
      -30.0,
      -45.97382354736328,
      -51.3858757019043,
      -48.76057052612305,
      -50.75925827026367,
      -53.35862731933594,
      -52.38246154785156,
      -51.33022689819336,
      -32.7442741394043,
      -51.48822784423828,
      -51.70682144165039,
      -30.429157257080078,
      -32.326873779296875,
      -30.010080337524414,
      -37.69399642944336,
      -31.866718292236328,
      -33.92265701293945,
      -53.342552185058594,
      -49.54340744018555,
      -52.49404525756836,
      -52.57170867919922,
      -32.38899612426758,
      -52.672664642333984,
      -52.23088455200195,
      -51.52531433105469,
      -49.48292922973633,
      -44.562286376953125,
      -48.99028778076172,
      -32.51033401489258,
      -42.52386474609375,
      -30.0,
      -30.0,
      -30.0,
      -30.0,
      -30.0,
      -30.0,
      -30.001338958740234,
      -30.0,
      -30.0,
      -30.0,
      -30.0,
      -30.0,
      -30.0,
      -30.031963348388672,
      -30.0,
      -30.0,
      -30.0,
      -30.000411987304688,
      -30.0,
      -34.46629333496094,
      -30.0,
      -30.0,
      -30.686222076416016,
      -30.0,
      -37.903194427490234,
      -30.0,
      -30.011417388916016,
      -30.0,
      -30.0,
      -30.0,
      -30.0,
      -49.307003021240234,
      -30.0,
      -30.0,
      -30.0,
      -30.0,
      -30.13595962524414,
      -30.0,
      -34.3258056640625,
      -30.0,
      -30.535207748413086,
      -34.10751724243164,
      -30.0,
      -30.0,
      -35.42742919921875,
      -32.35182189941406,
      -32.31324005126953,
      -30.0,
      -30.0,
      -30.0,
      -30.0,
      -30.0,
      -30.0,
      -30.0,
      -30.0,
      -30.0,
      -30.0,
      -30.0,
      -32.71598434448242,
      -30.0,
      -30.0,
      -30.0,
      -30.0,
      -30.0,
      -30.0,
      -30.0,
      -30.0,
      -30.0,
      -30.0,
      -30.0,
      -30.0,
      -30.0,
      -30.0,
      -30.0,
      -30.26304054260254,
      -30.0,
      -30.0,
      -30.0,
      -30.55345916748047,
      -30.0,
      -30.0,
      -30.0,
      -30.44928741455078,
      -30.0,
      -32.50095748901367,
      -30.0,
      -30.0,
      -30.0,
      -30.0,
      -30.0,
      -32.84245300292969,
      -35.32189178466797,
      -30.004913330078125
    ]
  }
}