{
  "label": "c6_n14_s44",
  "n_odors": 14,
  "seed": 44,
  "accuracy": 0.7285714285714285,
  "centroid_accuracy": 0.6642857142857143,
  "kc_sparsity": 0.11235532313585281,
  "decorrelation": {
    "al": -14.59891185503055,
    "mb": 44.422647322700556,
    "total": 37.66140724123102
  },
  "mancini": {
    "ratio": 1.626204238921002,
    "passes": true
  },
  "threshold_stats": {
    "n_kc": 144,
    "v_th_mean_mV": -35.65945053100586,
    "v_th_std_mV": 7.713832855224609,
    "v_th_min_mV": -54.84953689575195,
    "v_th_max_mV": -30.0,
    "v_th_median_mV": -32.501808166503906,
    "frac_at_upper_bound": 0.375,
    "n_at_upper_bound": 54,
    "frac_at_lower_bound": 0.013888888888888888,
    "n_at_lower_bound": 2,
    "v_th_values_mV": [
      -32.24192428588867,
      -30.990190505981445,
      -54.387359619140625,
      -34.00065612792969,
      -34.14494705200195,
      -52.5557861328125,
      -53.14045333862305,
      -30.0,
      -31.662586212158203,
      -30.0,
      -30.0,
      -34.196990966796875,
      -34.01365280151367,
      -46.26694869995117,
      -47.09347915649414,
      -52.334571838378906,
      -40.99467849731445,
      -51.993408203125,
      -41.93495178222656,
      -52.849605560302734,
      -30.0,
      -37.44804763793945,
      -49.19086456298828,
      -53.49922180175781,
      -52.92521286010742,
      -52.78277587890625,
      -54.2917366027832,
      -36.79298400878906,
      -39.58837890625,
      -54.84953689575195,
      -54.02988815307617,
      -48.27613067626953,
      -34.1091423034668,
      -34.067466735839844,
      -30.0,
      -30.0,
      -37.19914245605469,
      -35.78200149536133,
      -37.60283279418945,
      -50.19031524658203,
      -54.60334014892578,
      -54.11382293701172,
      -34.337379455566406,
      -54.22515869140625,
      -52.99374771118164,
      -54.23232650756836,
      -32.81851577758789,
      -30.0,
      -30.0,
      -30.0,
      -31.375661849975586,
      -30.0,
      -30.0,
      -30.0,
      -30.0,
      -30.0,
      -34.88779067993164,
      -32.19815444946289,
      -30.0,
      -32.05255889892578,
      -30.0,
      -32.386070251464844,
      -30.0,
      -30.910022735595703,
      -30.0,
      -32.28897476196289,
      -30.0,
      -30.276077270507812,
      -30.0,
      -30.0,
      -34.7479362487793,
      -33.641357421875,
      -30.0,
      -40.6666374206543,
      -32.27968978881836,
      -32.03744125366211,
      -30.0,
      -30.0,
      -32.230140686035156,
      -34.13943862915039,
      -39.78721237182617,
      -30.0,
      -38.235931396484375,
      -30.637758255004883,
      -30.0,
      -30.0,
      -30.0,
      -30.0,
      -33.49210739135742,
      -37.93663787841797,
      -30.126108169555664,
      -34.14764404296875,
      -34.19950485229492,
      -34.040260314941406,
      -35.7971305847168,
      -38.62831497192383,
      -34.01899719238281,
      -34.10258483886719,
      -30.0,
      -33.86846923828125,
      -30.0,
      -30.0,
      -36.069026947021484,
      -30.0,
      -30.0,
      -35.07167053222656,
      -30.0,
      -30.362709045410156,
      -30.0,
      -35.07135772705078,
      -30.0,
      -30.0,
      -30.0,
      -33.04417037963867,
      -30.0,
      -30.0,
      -30.0,
      -30.0,
      -30.0,
      -30.0,
      -41.318172454833984,
      -40.81135559082031,
      -30.188735961914062,
      -30.0,
      -32.04035949707031,
      -41.464786529541016,
      -32.6175422668457,
      -30.0,
      -32.9647331237793,
      -35.74104690551758,
      -31.099773406982422,
      -31.63890838623047,
      -30.0,
      -33.69780731201172,
      -31.560529708862305,
      -35.901153564453125,
      -33.005699157714844,
      -33.84674072265625,
      -35.44688415527344,
      -31.764686584472656,
      -30.0,
      -35.39662170410156,
      -34.6254768371582,
      -30.32219696044922
    ]
  }
}