{
  "label": "c6_n56_s45",
  "n_odors": 56,
  "seed": 45,
  "accuracy": 0.85,
  "centroid_accuracy": 0.7946428571428571,
  "kc_sparsity": 0.10356385053859817,
  "decorrelation": {
    "al": 13.75136016461277,
    "mb": 33.16822848666984,
    "total": 42.12318846893093
  },
  "mancini": {
    "ratio": 2.0128,
    "passes": true
  },
  "threshold_stats": {
    "n_kc": 144,
    "v_th_mean_mV": -35.15574264526367,
    "v_th_std_mV": 8.498400688171387,
    "v_th_min_mV": -53.897090911865234,
    "v_th_max_mV": -30.0,
    "v_th_median_mV": -30.000507354736328,
    "frac_at_upper_bound": 0.5763888888888888,
    "n_at_upper_bound": 83,
    "frac_at_lower_bound": 0.0,
    "n_at_lower_bound": 0,
    "v_th_values_mV": [
      -33.50080490112305,
      -32.39228820800781,
      -50.08436965942383,
      -32.77035140991211,
      -30.0,
      -53.20209884643555,
      -50.785430908203125,
      -30.000385284423828,
      -53.727684020996094,
      -51.25849533081055,
      -32.76468276977539,
      -32.802215576171875,
      -32.326725006103516,
      -48.65227508544922,
      -51.51288986206055,
      -51.99794387817383,
      -30.0,
      -50.61993408203125,
      -52.95659255981445,
      -51.89681625366211,
      -49.01310729980469,
      -31.816205978393555,
      -48.233421325683594,
      -51.60184860229492,
      -48.38371658325195,
      -50.7420539855957,
      -53.897090911865234,
      -52.09506607055664,
      -51.73573684692383,
      -31.093626022338867,
      -51.31047821044922,
      -51.24781799316406,
      -30.0,
      -32.344757080078125,
      -30.020322799682617,
      -51.639244079589844,
      -32.71672439575195,
      -33.243446350097656,
      -31.209331512451172,
      -49.41682434082031,
      -52.217567443847656,
      -52.438045501708984,
      -32.495338439941406,
      -52.296295166015625,
      -51.76750946044922,
      -52.43624496459961,
      -30.0120792388916,
      -50.588008880615234,
      -37.567386627197266,
      -30.0,
      -30.03006935119629,
      -30.0,
      -30.0,
      -30.0,
      -30.0,
      -30.0,
      -30.0,
      -30.081697463989258,
      -30.0,
      -30.0,
      -30.0,
      -30.0,
      -30.0,
      -30.0,
      -30.0,
      -30.0,
      -30.13039207458496,
      -30.0,
      -30.0,
      -30.0,
      -30.00312614440918,
      -30.0,
      -30.0,
      -30.166460037231445,
      -30.0,
      -50.75323486328125,
      -30.0,
      -30.0,
      -30.0,
      -30.0,
      -30.02965545654297,
      -30.0,
      -30.0,
      -30.0,
      -30.0,
      -30.0,
      -30.0,
      -30.0,
      -30.0,
      -33.89700698852539,
      -30.0,
      -31.84613609313965,
      -35.55432891845703,
      -33.63702392578125,
      -30.0,
      -36.84093475341797,
      -32.344017028808594,
      -32.351165771484375,
      -30.0,
      -30.802175521850586,
      -30.01027488708496,
      -30.0,
      -31.414297103881836,
      -30.0,
      -30.0,
      -30.0,
      -30.0,
      -30.0,
      -30.0,
      -32.789161682128906,
      -30.0,
      -30.0,
      -30.0,
      -30.0,
      -30.0,
      -30.0,
      -30.0,
      -30.0,
      -30.0,
      -45.729095458984375,
      -30.0,
      -31.92730712890625,
      -30.0,
      -30.0,
      -30.0,
      -30.0,
      -30.0,
      -30.0,
      -30.000629425048828,
      -30.434343338012695,
      -30.0,
      -30.0,
      -30.0,
      -30.730009078979492,
      -30.0,
      -32.35885238647461,
      -30.0,
      -30.0,
      -33.21278762817383,
      -30.0,
      -30.0,
      -33.5135612487793,
      -35.007503509521484,
      -30.0
    ]
  }
}