{
  "label": "c6_n56_s46",
  "n_odors": 56,
  "seed": 46,
  "accuracy": 0.85,
  "centroid_accuracy": 0.8050089445438283,
  "kc_sparsity": 0.10399787852333651,
  "decorrelation": {
    "al": 11.045739299261658,
    "mb": 38.79278399860064,
    "total": 45.19411466443744
  },
  "mancini": {
    "ratio": 1.840974212034384,
    "passes": true
  },
  "threshold_stats": {
    "n_kc": 144,
    "v_th_mean_mV": -35.670326232910156,
    "v_th_std_mV": 8.731241226196289,
    "v_th_min_mV": -53.575172424316406,
    "v_th_max_mV": -30.0,
    "v_th_median_mV": -30.00968360900879,
    "frac_at_upper_bound": 0.5833333333333334,
    "n_at_upper_bound": 84,
    "frac_at_lower_bound": 0.0,
    "n_at_lower_bound": 0,
    "v_th_values_mV": [
      -41.86240768432617,
      -51.74672317504883,
      -50.63543701171875,
      -30.27751350402832,
      -30.0,
      -52.41298294067383,
      -50.801795959472656,
      -30.009225845336914,
      -49.5069694519043,
      -50.096012115478516,
      -44.621742248535156,
      -32.3537712097168,
      -32.28120422363281,
      -48.498085021972656,
      -51.928565979003906,
      -50.829166412353516,
      -52.47807312011719,
      -46.88174057006836,
      -52.75069046020508,
      -52.20646286010742,
      -30.050384521484375,
      -52.374855041503906,
      -46.32089614868164,
      -51.733455657958984,
      -48.06348419189453,
      -50.10045623779297,
      -53.575172424316406,
      -52.83491134643555,
      -51.6300048828125,
      -39.532169342041016,
      -51.51018524169922,
      -51.63042068481445,
      -31.533933639526367,
      -32.25938034057617,
      -30.125009536743164,
      -42.63013458251953,
      -31.793394088745117,
      -33.382179260253906,
      -52.965396881103516,
      -49.64511489868164,
      -52.214534759521484,
      -52.302940368652344,
      -32.31336975097656,
      -52.544673919677734,
      -52.15753936767578,
      -51.95354080200195,
      -30.0,
      -50.790897369384766,
      -50.06805419921875,
      -41.72637176513672,
      -32.16368865966797,
      -30.0,
      -30.0,
      -30.0,
      -30.0,
      -30.0,
      -30.01017951965332,
      -30.0,
      -30.0,
      -30.0,
      -30.0,
      -30.01320457458496,
      -30.0,
      -30.0,
      -30.00167465209961,
      -30.0,
      -30.0,
      -30.0,
      -30.0,
      -30.0,
      -30.12738037109375,
      -30.038183212280273,
      -36.28008270263672,
      -30.0028018951416,
      -30.0,
      -30.0,
      -30.01186180114746,
      -30.0,
      -30.0,
      -30.0,
      -30.48556900024414,
      -30.0,
      -30.0,
      -30.0,
      -30.0,
      -30.0,
      -30.0,
      -30.0,
      -30.0,
      -33.33496856689453,
      -30.0,
      -30.0,
      -32.801536560058594,
      -30.0,
      -30.0,
      -34.457000732421875,
      -32.29130554199219,
      -32.301673889160156,
      -30.0,
      -30.0,
      -30.009769439697266,
      -30.0,
      -30.0,
      -30.0,
      -30.0,
      -30.0,
      -30.0,
      -30.0,
      -30.0,
      -32.90938186645508,
      -30.0,
      -30.0141658782959,
      -30.0,
      -30.0,
      -30.0,
      -30.0,
      -30.0,
      -30.0,
      -30.009597778320312,
      -30.0,
      -30.0,
      -32.30156707763672,
      -30.0,
      -30.0,
      -30.0,
      -47.26958465576172,
      -30.0,
      -30.0,
      -30.0,
      -31.9363956451416,
      -30.0,
      -30.0,
      -30.0,
      -30.513957977294922,
      -30.0,
      -32.49851608276367,
      -30.0,
      -30.0,
      -30.0,
      -30.04393196105957,
      -30.0,
      -31.16030502319336,
      -35.21888732910156,
      -36.37825012207031
    ]
  }
}