{
  "label": "c6_n7_s46",
  "n_odors": 7,
  "seed": 46,
  "accuracy": 0.6571428571428571,
  "centroid_accuracy": 0.6571428571428571,
  "kc_sparsity": 0.07783564925193787,
  "decorrelation": {
    "al": -15.90934681290479,
    "mb": 23.600351748049555,
    "total": 13.582068509824975
  },
  "mancini": {
    "ratio": 1.5223880597014927,
    "passes": true
  },
  "threshold_stats": {
    "n_kc": 144,
    "v_th_mean_mV": -35.44805145263672,
    "v_th_std_mV": 4.6061177253723145,
    "v_th_min_mV": -51.35024642944336,
    "v_th_max_mV": -30.0,
    "v_th_median_mV": -34.79829025268555,
    "frac_at_upper_bound": 0.09722222222222222,
    "n_at_upper_bound": 14,
    "frac_at_lower_bound": 0.0,
    "n_at_lower_bound": 0,
    "v_th_values_mV": [
      -30.421510696411133,
      -32.85850143432617,
      -45.498863220214844,
      -34.092750549316406,
      -35.50101852416992,
      -35.53997802734375,
      -35.54193115234375,
      -32.131919860839844,
      -36.80768585205078,
      -30.0,
      -30.482900619506836,
      -35.412540435791016,
      -34.78032684326172,
      -46.407203674316406,
      -48.950172424316406,
      -43.26382827758789,
      -38.227962493896484,
      -49.62629318237305,
      -41.48946762084961,
      -30.0,
      -30.0,
      -37.48838424682617,
      -34.20867919921875,
      -30.899749755859375,
      -32.378204345703125,
      -34.561824798583984,
      -36.08247375488281,
      -45.32676315307617,
      -32.88799285888672,
      -36.12696075439453,
      -49.26631164550781,
      -43.479583740234375,
      -35.3211555480957,
      -34.962486267089844,
      -32.14479064941406,
      -32.637054443359375,
      -37.22309875488281,
      -37.143150329589844,
      -37.31576919555664,
      -46.59120559692383,
      -44.229122161865234,
      -46.44068145751953,
      -35.54539108276367,
      -48.75286102294922,
      -50.074119567871094,
      -51.35024642944336,
      -34.89031982421875,
      -30.97756004333496,
      -33.111968994140625,
      -30.920087814331055,
      -32.77402877807617,
      -33.07965087890625,
      -30.337541580200195,
      -32.20713424682617,
      -31.217199325561523,
      -30.0,
      -34.785831451416016,
      -33.91038131713867,
      -30.835073471069336,
      -34.513710021972656,
      -30.596084594726562,
      -33.270668029785156,
      -33.23025131225586,
      -31.02638816833496,
      -30.0,
      -37.48319625854492,
      -34.293487548828125,
      -31.396120071411133,
      -32.987091064453125,
      -41.44812774658203,
      -36.23698043823242,
      -30.0,
      -35.82923889160156,
      -34.51087951660156,
      -33.469268798828125,
      -39.698734283447266,
      -30.666662216186523,
      -34.924129486083984,
      -35.8062744140625,
      -35.5435905456543,
      -35.73149108886719,
      -34.36212921142578,
      -43.32044219970703,
      -30.0,
      -31.01580047607422,
      -31.49358558654785,
      -34.74886703491211,
      -32.60811233520508,
      -35.17729949951172,
      -36.76239013671875,
      -33.03789520263672,
      -34.81074905395508,
      -35.305809020996094,
      -35.024749755859375,
      -34.66756057739258,
      -36.11116409301758,
      -34.72415542602539,
      -34.82426834106445,
      -32.22270584106445,
      -35.939178466796875,
      -32.59552764892578,
      -32.083866119384766,
      -36.481040954589844,
      -34.0242919921875,
      -30.0,
      -35.56757354736328,
      -30.605567932128906,
      -34.26444625854492,
      -36.131961822509766,
      -36.449066162109375,
      -31.181692123413086,
      -34.21968460083008,
      -35.8616828918457,
      -33.280303955078125,
      -34.76304244995117,
      -30.21524429321289,
      -33.04380416870117,
      -30.0,
      -35.678802490234375,
      -34.07388687133789,
      -30.473508834838867,
      -36.994956970214844,
      -31.875558853149414,
      -36.545650482177734,
      -36.58341598510742,
      -35.60969924926758,
      -36.222198486328125,
      -34.59720230102539,
      -35.088951110839844,
      -36.71193313598633,
      -34.544960021972656,
      -35.014034271240234,
      -32.097496032714844,
      -36.77994155883789,
      -36.43205642700195,
      -37.286678314208984,
      -35.26974105834961,
      -34.484458923339844,
      -36.036808013916016,
      -36.664737701416016,
      -35.08505630493164,
      -36.7702751159668,
      -36.53376007080078,
      -32.95630645751953
    ]
  }
}