{
  "label": "c6_n14_s43",
  "n_odors": 14,
  "seed": 43,
  "accuracy": 0.6714285714285714,
  "centroid_accuracy": 0.5714285714285714,
  "kc_sparsity": 0.09296875,
  "decorrelation": {
    "al": -15.018643332997916,
    "mb": 33.08255394377301,
    "total": 24.156569021846398
  },
  "mancini": {
    "ratio": 1.6344086021505377,
    "passes": true
  },
  "threshold_stats": {
    "n_kc": 144,
    "v_th_mean_mV": -35.57215881347656,
    "v_th_std_mV": 7.302960395812988,
    "v_th_min_mV": -54.39765930175781,
    "v_th_max_mV": -30.0,
    "v_th_median_mV": -33.14207077026367,
    "frac_at_upper_bound": 0.3611111111111111,
    "n_at_upper_bound": 52,
    "frac_at_lower_bound": 0.0,
    "n_at_lower_bound": 0,
    "v_th_values_mV": [
      -37.5692024230957,
      -35.921302795410156,
      -52.3406982421875,
      -33.4565544128418,
      -35.073970794677734,
      -51.92674255371094,
      -48.12303161621094,
      -31.47038459777832,
      -36.215003967285156,
      -30.0,
      -30.0,
      -33.1157112121582,
      -34.03473663330078,
      -39.071266174316406,
      -40.915042877197266,
      -46.23845672607422,
      -43.956626892089844,
      -52.34828567504883,
      -44.93333053588867,
      -51.93954849243164,
      -30.0,
      -35.393611907958984,
      -47.53667068481445,
      -52.25840377807617,
      -51.30535888671875,
      -52.451683044433594,
      -54.39765930175781,
      -52.42576217651367,
      -31.122028350830078,
      -35.432334899902344,
      -53.38935089111328,
      -45.71828079223633,
      -33.773948669433594,
      -34.140953063964844,
      -30.792861938476562,
      -33.52385711669922,
      -37.535743713378906,
      -36.17858123779297,
      -34.89030838012695,
      -50.51237106323242,
      -53.60894775390625,
      -54.12810516357422,
      -34.83903884887695,
      -53.18804168701172,
      -52.700035095214844,
      -54.18861770629883,
      -30.681289672851562,
      -30.0,
      -30.667085647583008,
      -30.0,
      -32.37491989135742,
      -32.50687789916992,
      -30.0,
      -30.0,
      -30.0,
      -30.0,
      -37.60460662841797,
      -36.358299255371094,
      -30.0,
      -32.24626922607422,
      -30.0,
      -30.0,
      -30.0,
      -30.0,
      -30.0,
      -33.54313659667969,
      -30.141828536987305,
      -30.0,
      -30.0,
      -30.0,
      -35.40877914428711,
      -30.0,
      -30.0,
      -30.28338050842285,
      -30.0,
      -34.5157585144043,
      -30.0,
      -30.0,
      -32.86460494995117,
      -32.58952713012695,
      -34.152809143066406,
      -31.572513580322266,
      -41.995872497558594,
      -30.0,
      -30.0,
      -30.0,
      -30.149381637573242,
      -34.55234909057617,
      -32.815738677978516,
      -37.50888442993164,
      -30.360063552856445,
      -34.21438217163086,
      -34.27533721923828,
      -34.14119338989258,
      -35.737220764160156,
      -38.62226867675781,
      -34.097965240478516,
      -34.12322998046875,
      -30.0,
      -34.39524841308594,
      -30.0,
      -36.26813507080078,
      -36.657630920410156,
      -30.0,
      -30.0,
      -34.889244079589844,
      -30.0,
      -30.0,
      -30.0,
      -34.95160675048828,
      -30.0,
      -30.0,
      -30.0,
      -32.69776153564453,
      -30.0,
      -30.0,
      -30.0,
      -30.0,
      -32.869991302490234,
      -30.971935272216797,
      -48.32926559448242,
      -34.83160400390625,
      -30.0,
      -30.0,
      -32.85588836669922,
      -46.17020034790039,
      -32.54881286621094,
      -30.0,
      -36.4901008605957,
      -35.58745193481445,
      -30.0,
      -30.0,
      -30.0,
      -33.482154846191406,
      -30.0,
      -36.100013732910156,
      -33.16843032836914,
      -32.95659637451172,
      -35.29646682739258,
      -32.56736373901367,
      -30.0,
      -35.40290832519531,
      -35.08449172973633,
      -33.62932205200195
    ]
  }
}