{
  "label": "c6_n7_s42",
  "n_odors": 7,
  "seed": 42,
  "accuracy": 0.7428571428571429,
  "centroid_accuracy": 0.7571428571428571,
  "kc_sparsity": 0.0972222238779068,
  "decorrelation": {
    "al": -30.309407247795562,
    "mb": 12.40734940095779,
    "total": -13.385031164643934
  },
  "mancini": {
    "ratio": 1.9547619047619047,
    "passes": true
  },
  "threshold_stats": {
    "n_kc": 144,
    "v_th_mean_mV": -36.28101348876953,
    "v_th_std_mV": 4.8000664710998535,
    "v_th_min_mV": -52.599143981933594,
    "v_th_max_mV": -30.0,
    "v_th_median_mV": -35.15800476074219,
    "frac_at_upper_bound": 0.05555555555555555,
    "n_at_upper_bound": 8,
    "frac_at_lower_bound": 0.0,
    "n_at_lower_bound": 0,
    "v_th_values_mV": [
      -33.803932189941406,
      -33.19889450073242,
      -44.880950927734375,
      -34.799217224121094,
      -35.38011169433594,
      -45.57011032104492,
      -47.08280944824219,
      -37.99277877807617,
      -32.3725471496582,
      -31.896841049194336,
      -31.524126052856445,
      -35.15183639526367,
      -34.70466995239258,
      -32.2259521484375,
      -30.0,
      -47.85502624511719,
      -45.14875793457031,
      -38.50967788696289,
      -40.51042938232422,
      -40.538055419921875,
      -30.39118194580078,
      -35.77259063720703,
      -42.2813606262207,
      -44.456947326660156,
      -45.24404525756836,
      -43.03505325317383,
      -51.50352478027344,
      -52.399715423583984,
      -31.28122901916504,
      -35.45290756225586,
      -52.599143981933594,
      -48.299110412597656,
      -35.10771560668945,
      -34.954986572265625,
      -35.15192794799805,
      -32.4349365234375,
      -36.95688247680664,
      -37.15498352050781,
      -35.53487777709961,
      -44.2430419921875,
      -46.03407669067383,
      -46.979000091552734,
      -35.49629211425781,
      -47.400264739990234,
      -52.052734375,
      -41.10770034790039,
      -34.83346176147461,
      -30.0,
      -33.12381362915039,
      -30.0,
      -34.152801513671875,
      -33.43445587158203,
      -32.882713317871094,
      -33.11450958251953,
      -30.883363723754883,
      -30.0,
      -38.32982635498047,
      -36.304237365722656,
      -33.613014221191406,
      -35.42757797241211,
      -30.50433349609375,
      -30.092653274536133,
      -36.06208038330078,
      -34.3475341796875,
      -35.03854751586914,
      -38.25251770019531,
      -35.311561584472656,
      -35.84893035888672,
      -34.96999740600586,
      -31.001708984375,
      -31.05400276184082,
      -34.689823150634766,
      -34.156368255615234,
      -32.1809196472168,
      -33.7823486328125,
      -36.01777648925781,
      -30.799259185791016,
      -37.61128616333008,
      -35.13299560546875,
      -35.66547775268555,
      -36.75994873046875,
      -35.223506927490234,
      -35.42652893066406,
      -35.30740737915039,
      -35.16407775878906,
      -33.78091049194336,
      -35.489585876464844,
      -36.46862030029297,
      -37.44721603393555,
      -37.228755950927734,
      -34.30912399291992,
      -34.80608367919922,
      -34.9550666809082,
      -34.706050872802734,
      -35.744327545166016,
      -40.73394012451172,
      -34.77029800415039,
      -34.64500427246094,
      -33.40196990966797,
      -35.887672424316406,
      -33.861297607421875,
      -32.37511444091797,
      -36.329586029052734,
      -34.78693771362305,
      -33.93059158325195,
      -35.503440856933594,
      -31.582761764526367,
      -34.78745651245117,
      -33.46995544433594,
      -36.71543502807617,
      -34.0570182800293,
      -33.92107009887695,
      -33.52865219116211,
      -32.66603469848633,
      -33.63948059082031,
      -30.0,
      -33.16447067260742,
      -32.12372589111328,
      -34.988807678222656,
      -30.0,
      -43.94807052612305,
      -34.824920654296875,
      -34.54612350463867,
      -36.39006805419922,
      -35.92826461791992,
      -33.364871978759766,
      -35.87815856933594,
      -33.89573669433594,
      -36.02336120605469,
      -37.0028076171875,
      -34.532379150390625,
      -34.282752990722656,
      -36.993629455566406,
      -36.726863861083984,
      -35.55009841918945,
      -37.01096725463867,
      -36.02378845214844,
      -35.782772064208984,
      -36.241573333740234,
      -36.76280212402344,
      -34.21342086791992,
      -36.76218032836914,
      -37.15403366088867,
      -35.84511947631836
    ]
  }
}