{
  "label": "c6_n7_s43",
  "n_odors": 7,
  "seed": 43,
  "accuracy": 0.5714285714285714,
  "centroid_accuracy": 0.7285714285714285,
  "kc_sparsity": 0.0947627325852712,
  "decorrelation": {
    "al": -22.36039248586412,
    "mb": 13.428135802322927,
    "total": -5.469583575555781
  },
  "mancini": {
    "ratio": 1.6300211416490487,
    "passes": true
  },
  "threshold_stats": {
    "n_kc": 144,
    "v_th_mean_mV": -35.657962799072266,
    "v_th_std_mV": 4.948528289794922,
    "v_th_min_mV": -52.101898193359375,
    "v_th_max_mV": -30.0,
    "v_th_median_mV": -34.9940071105957,
    "frac_at_upper_bound": 0.1111111111111111,
    "n_at_upper_bound": 16,
    "frac_at_lower_bound": 0.0,
    "n_at_lower_bound": 0,
    "v_th_values_mV": [
      -37.039432525634766,
      -35.99064254760742,
      -46.78829574584961,
      -34.29564666748047,
      -35.88874435424805,
      -33.75603103637695,
      -30.0,
      -32.62114334106445,
      -32.71971130371094,
      -30.0,
      -30.0,
      -35.6467170715332,
      -35.243431091308594,
      -30.578807830810547,
      -30.11407470703125,
      -43.29180908203125,
      -42.8008918762207,
      -45.87978744506836,
      -42.48857879638672,
      -48.70206069946289,
      -30.0,
      -35.67275619506836,
      -47.42620849609375,
      -49.216434478759766,
      -48.87931442260742,
      -50.232505798339844,
      -48.18955612182617,
      -43.985595703125,
      -31.595502853393555,
      -36.535888671875,
      -34.96571350097656,
      -37.050636291503906,
      -35.0682487487793,
      -35.466278076171875,
      -31.029937744140625,
      -32.54381561279297,
      -37.14572525024414,
      -36.4388542175293,
      -35.40053939819336,
      -46.26277160644531,
      -46.13105392456055,
      -47.20292282104492,
      -36.134605407714844,
      -50.0113410949707,
      -52.101898193359375,
      -31.889591217041016,
      -34.580196380615234,
      -30.0,
      -31.389385223388672,
      -30.0,
      -36.097999572753906,
      -35.24810791015625,
      -31.586442947387695,
      -32.8992805480957,
      -32.13006591796875,
      -30.0,
      -34.30255889892578,
      -36.81696319580078,
      -33.812156677246094,
      -33.53369903564453,
      -31.611148834228516,
      -30.37733268737793,
      -36.22047424316406,
      -30.0,
      -35.19544219970703,
      -41.097373962402344,
      -32.77008056640625,
      -43.87356948852539,
      -33.74373245239258,
      -35.75425720214844,
      -35.021785736083984,
      -34.38121032714844,
      -39.67384338378906,
      -40.295310974121094,
      -32.15116500854492,
      -39.44554138183594,
      -33.08282470703125,
      -34.480018615722656,
      -35.24290084838867,
      -35.045875549316406,
      -35.418033599853516,
      -34.31690979003906,
      -34.22355651855469,
      -34.123291015625,
      -32.62310028076172,
      -31.586267471313477,
      -30.6191463470459,
      -35.554901123046875,
      -34.89790725708008,
      -37.09311294555664,
      -32.65666198730469,
      -35.09510040283203,
      -35.27165222167969,
      -35.06369400024414,
      -36.091434478759766,
      -37.741512298583984,
      -35.001914978027344,
      -34.96489715576172,
      -30.08161735534668,
      -36.105125427246094,
      -35.28724670410156,
      -33.614994049072266,
      -36.41046142578125,
      -34.306396484375,
      -33.15366744995117,
      -35.2601432800293,
      -30.59022331237793,
      -33.188812255859375,
      -30.0,
      -36.30949401855469,
      -36.791385650634766,
      -31.25729751586914,
      -31.170103073120117,
      -32.100894927978516,
      -30.269676208496094,
      -31.283370971679688,
      -33.00071716308594,
      -30.0,
      -36.92949295043945,
      -32.29454040527344,
      -30.0,
      -35.88317108154297,
      -31.285106658935547,
      -32.94441604614258,
      -34.454471588134766,
      -40.82444381713867,
      -34.98609924316406,
      -32.013553619384766,
      -35.48626708984375,
      -36.40583419799805,
      -30.127872467041016,
      -35.06163787841797,
      -31.707107543945312,
      -37.151329040527344,
      -34.91477584838867,
      -36.81230926513672,
      -35.4459342956543,
      -34.64484405517578,
      -35.94033432006836,
      -34.3599739074707,
      -33.370975494384766,
      -36.978668212890625,
      -35.64529800415039,
      -34.26932144165039
    ]
  }
}