{
  "label": "c6_n14_s46",
  "n_odors": 14,
  "seed": 46,
  "accuracy": 0.5857142857142857,
  "centroid_accuracy": 0.6857142857142857,
  "kc_sparsity": 0.08909143656492233,
  "decorrelation": {
    "al": -6.2053060046276975,
    "mb": 29.177468098747937,
    "total": 24.9970141074469
  },
  "mancini": {
    "ratio": 1.6029246344206973,
    "passes": true
  },
  "threshold_stats": {
    "n_kc": 144,
    "v_th_mean_mV": -35.0726318359375,
    "v_th_std_mV": 6.970882415771484,
    "v_th_min_mV": -54.4788818359375,
    "v_th_max_mV": -30.0,
    "v_th_median_mV": -32.78398132324219,
    "frac_at_upper_bound": 0.3472222222222222,
    "n_at_upper_bound": 50,
    "frac_at_lower_bound": 0.0,
    "n_at_lower_bound": 0,
    "v_th_values_mV": [
      -30.601276397705078,
      -31.47650909423828,
      -52.22034454345703,
      -34.34977722167969,
      -34.11098861694336,
      -52.45795440673828,
      -53.809017181396484,
      -30.0,
      -45.26490020751953,
      -30.0,
      -30.0,
      -34.16461181640625,
      -33.99288558959961,
      -48.021480560302734,
      -50.138553619384766,
      -51.72832107543945,
      -44.78562545776367,
      -54.060760498046875,
      -40.78865051269531,
      -40.924468994140625,
      -30.0,
      -34.48594284057617,
      -39.409671783447266,
      -39.41384506225586,
      -45.69611358642578,
      -38.1260986328125,
      -32.71066665649414,
      -53.9106330871582,
      -31.935253143310547,
      -36.0086669921875,
      -53.468624114990234,
      -49.77497863769531,
      -34.855812072753906,
      -34.077720642089844,
      -33.178768157958984,
      -30.0,
      -36.12607955932617,
      -36.827510833740234,
      -34.217529296875,
      -53.33030700683594,
      -53.96361541748047,
      -54.4788818359375,
      -34.709468841552734,
      -54.02948760986328,
      -52.90932083129883,
      -53.35063934326172,
      -33.153533935546875,
      -30.0,
      -30.0,
      -30.0,
      -30.0,
      -30.197824478149414,
      -30.0,
      -30.0,
      -30.0,
      -30.0,
      -33.879058837890625,
      -31.32257652282715,
      -30.0,
      -31.447664260864258,
      -30.0,
      -30.0,
      -30.0,
      -30.0,
      -35.622982025146484,
      -32.65718460083008,
      -30.278820037841797,
      -32.77189254760742,
      -30.0,
      -30.0,
      -30.0,
      -32.61989212036133,
      -33.67145538330078,
      -30.0,
      -31.151992797851562,
      -30.0,
      -30.0,
      -30.0,
      -32.79607391357422,
      -34.29910659790039,
      -33.53252410888672,
      -30.53261375427246,
      -37.61672592163086,
      -30.0,
      -30.0,
      -30.0,
      -32.57188034057617,
      -30.40894889831543,
      -34.207881927490234,
      -36.70923614501953,
      -34.07875442504883,
      -34.15730667114258,
      -34.01859664916992,
      -34.191776275634766,
      -34.741397857666016,
      -38.387088775634766,
      -34.068485260009766,
      -33.940799713134766,
      -30.0,
      -36.63283920288086,
      -30.0,
      -30.0,
      -36.66390609741211,
      -30.51436996459961,
      -30.0,
      -35.297672271728516,
      -30.0,
      -31.76349449157715,
      -31.943359375,
      -36.224056243896484,
      -30.0,
      -30.0,
      -31.94255828857422,
      -32.634117126464844,
      -30.0,
      -30.0,
      -30.0,
      -30.0,
      -30.0,
      -30.0,
      -30.0,
      -33.72156524658203,
      -30.0,
      -30.520471572875977,
      -34.846431732177734,
      -30.563690185546875,
      -32.459442138671875,
      -30.0,
      -32.544559478759766,
      -35.530155181884766,
      -30.0,
      -34.813358306884766,
      -30.0,
      -34.0661735534668,
      -34.07011795043945,
      -36.638816833496094,
      -35.616703033447266,
      -33.71076965332031,
      -35.67509460449219,
      -36.056739807128906,
      -30.44776153564453,
      -35.22763442993164,
      -35.646114349365234,
      -31.76119613647461
    ]
  }
}