{
  "label": "c6_n7_s45",
  "n_odors": 7,
  "seed": 45,
  "accuracy": 0.7142857142857143,
  "centroid_accuracy": 0.6571428571428571,
  "kc_sparsity": 0.07807677487532298,
  "decorrelation": {
    "al": -19.16078667478407,
    "mb": 28.44952203396455,
    "total": 16.251684490510023
  },
  "mancini": {
    "ratio": 1.4821428571428572,
    "passes": false
  },
  "threshold_stats": {
    "n_kc": 144,
    "v_th_mean_mV": -35.133827209472656,
    "v_th_std_mV": 4.745494842529297,
    "v_th_min_mV": -51.877803802490234,
    "v_th_max_mV": -30.0,
    "v_th_median_mV": -34.70899200439453,
    "frac_at_upper_bound": 0.13194444444444445,
    "n_at_upper_bound": 19,
    "frac_at_lower_bound": 0.0,
    "n_at_lower_bound": 0,
    "v_th_values_mV": [
      -31.399696350097656,
      -32.29329299926758,
      -47.25279998779297,
      -32.50398254394531,
      -35.26462936401367,
      -46.2742805480957,
      -44.78459167480469,
      -33.41926956176758,
      -31.422414779663086,
      -30.0,
      -32.20957565307617,
      -35.90238571166992,
      -34.815765380859375,
      -46.463138580322266,
      -48.41496658325195,
      -44.65174102783203,
      -38.19755172729492,
      -50.310203552246094,
      -43.04442596435547,
      -49.34010314941406,
      -30.0,
      -35.395423889160156,
      -35.3465461730957,
      -30.472640991210938,
      -31.375516891479492,
      -34.94214630126953,
      -37.456207275390625,
      -37.25083923339844,
      -34.52854919433594,
      -36.83621597290039,
      -50.37073516845703,
      -43.591896057128906,
      -35.44004821777344,
      -34.987632751464844,
      -34.26102066040039,
      -32.37942886352539,
      -36.90815734863281,
      -36.253761291503906,
      -35.034156799316406,
      -47.11567687988281,
      -43.967491149902344,
      -43.8126335144043,
      -35.67010498046875,
      -47.097537994384766,
      -37.34990692138672,
      -51.877803802490234,
      -33.305816650390625,
      -30.0,
      -32.62758255004883,
      -32.03628158569336,
      -35.672664642333984,
      -33.941925048828125,
      -31.582735061645508,
      -31.336366653442383,
      -30.331897735595703,
      -30.0,
      -37.048744201660156,
      -34.75079345703125,
      -30.774545669555664,
      -34.272193908691406,
      -30.65119743347168,
      -30.0,
      -32.894248962402344,
      -30.373579025268555,
      -30.0,
      -32.73776626586914,
      -34.45370101928711,
      -31.52676010131836,
      -33.64942932128906,
      -32.44749069213867,
      -35.35044860839844,
      -30.0,
      -32.991546630859375,
      -33.950382232666016,
      -33.67409896850586,
      -37.88905715942383,
      -33.55845260620117,
      -33.043216705322266,
      -36.22624206542969,
      -35.17271423339844,
      -35.036338806152344,
      -34.43906021118164,
      -30.0,
      -30.388532638549805,
      -31.252973556518555,
      -32.81160354614258,
      -35.451900482177734,
      -32.57140350341797,
      -34.8625373840332,
      -36.22256851196289,
      -31.836631774902344,
      -34.91718292236328,
      -35.024906158447266,
      -35.014549255371094,
      -36.4693717956543,
      -35.39856719970703,
      -34.712459564208984,
      -34.70552444458008,
      -32.39826965332031,
      -35.44671630859375,
      -32.19978713989258,
      -38.79961013793945,
      -36.704429626464844,
      -32.812557220458984,
      -30.673126220703125,
      -35.29812240600586,
      -30.0,
      -35.150142669677734,
      -30.0,
      -35.66770935058594,
      -30.08163070678711,
      -32.059906005859375,
      -31.527191162109375,
      -32.27008056640625,
      -31.251140594482422,
      -30.006759643554688,
      -33.57224655151367,
      -31.918119430541992,
      -32.461429595947266,
      -31.592559814453125,
      -30.306501388549805,
      -34.432132720947266,
      -33.17716598510742,
      -32.62575149536133,
      -34.77161407470703,
      -30.0,
      -35.1282958984375,
      -36.472557067871094,
      -35.65210723876953,
      -36.5206184387207,
      -32.545494079589844,
      -34.882476806640625,
      -32.020240783691406,
      -35.587650299072266,
      -36.382286071777344,
      -36.730220794677734,
      -35.348018646240234,
      -35.222625732421875,
      -35.975399017333984,
      -36.74235534667969,
      -35.734493255615234,
      -36.80671310424805,
      -37.239646911621094,
      -30.0
    ]
  }
}