{
  "label": "c6_n56_s44",
  "n_odors": 56,
  "seed": 44,
  "accuracy": 0.8464285714285714,
  "centroid_accuracy": 0.7696428571428572,
  "kc_sparsity": 0.10501060945292313,
  "decorrelation": {
    "al": 19.339422319611334,
    "mb": 31.347779454745574,
    "total": 44.36971639296703
  },
  "mancini": {
    "ratio": 1.9391575663026521,
    "passes": true
  },
  "threshold_stats": {
    "n_kc": 144,
    "v_th_mean_mV": -35.547176361083984,
    "v_th_std_mV": 8.583316802978516,
    "v_th_min_mV": -54.392860412597656,
    "v_th_max_mV": -30.0,
    "v_th_median_mV": -30.024490356445312,
    "frac_at_upper_bound": 0.5555555555555556,
    "n_at_upper_bound": 80,
    "frac_at_lower_bound": 0.0,
    "n_at_lower_bound": 0,
    "v_th_values_mV": [
      -30.0,
      -52.39716339111328,
      -50.4361457824707,
      -30.0,
      -33.541664123535156,
      -52.773067474365234,
      -50.69387435913086,
      -32.53490447998047,
      -53.082523345947266,
      -51.862796783447266,
      -46.76518249511719,
      -31.287145614624023,
      -32.35007858276367,
      -47.975746154785156,
      -51.277828216552734,
      -51.287315368652344,
      -51.59695816040039,
      -48.550086975097656,
      -52.73523712158203,
      -51.87423324584961,
      -48.25240707397461,
      -39.25284957885742,
      -44.03732681274414,
      -50.90004348754883,
      -48.93891525268555,
      -50.6418342590332,
      -54.392860412597656,
      -34.484153747558594,
      -51.731666564941406,
      -32.95854949951172,
      -51.226234436035156,
      -50.96635437011719,
      -30.0,
      -32.36024475097656,
      -30.0,
      -51.2262077331543,
      -33.643672943115234,
      -34.04388427734375,
      -30.657323837280273,
      -49.65977096557617,
      -52.40161895751953,
      -52.49888610839844,
      -32.3787727355957,
      -52.44746398925781,
      -52.281375885009766,
      -51.8524169921875,
      -30.0,
      -50.129703521728516,
      -50.3629264831543,
      -30.0,
      -34.240413665771484,
      -30.0,
      -30.0,
      -30.0,
      -30.0,
      -30.0,
      -30.006818771362305,
      -30.20697593688965,
      -30.0,
      -30.0,
      -30.0,
      -30.003257751464844,
      -30.0,
      -30.0,
      -30.351598739624023,
      -30.0,
      -30.0,
      -30.0,
      -30.054641723632812,
      -30.0,
      -30.147472381591797,
      -30.048553466796875,
      -30.0,
      -30.058372497558594,
      -30.0,
      -50.864444732666016,
      -30.0,
      -30.0,
      -30.0,
      -30.0,
      -30.0,
      -30.0,
      -30.0,
      -30.0,
      -30.0,
      -30.0,
      -30.0,
      -30.019346237182617,
      -30.0,
      -33.70432662963867,
      -30.0,
      -31.87874984741211,
      -38.33309555053711,
      -30.519489288330078,
      -30.0,
      -36.03058624267578,
      -32.33319854736328,
      -32.34878158569336,
      -30.0,
      -30.0,
      -30.0,
      -30.0,
      -33.95167922973633,
      -30.0,
      -30.0,
      -30.0,
      -30.0,
      -30.0,
      -30.0,
      -34.0684814453125,
      -30.0,
      -30.0,
      -30.0,
      -30.0,
      -30.0,
      -30.026594161987305,
      -30.0,
      -30.02238655090332,
      -30.0,
      -40.05965042114258,
      -30.0,
      -31.123456954956055,
      -30.0,
      -30.0,
      -30.0,
      -30.033554077148438,
      -30.0,
      -30.0,
      -30.0,
      -32.082969665527344,
      -30.0,
      -30.0,
      -30.0,
      -31.003202438354492,
      -30.0,
      -33.52137756347656,
      -30.0,
      -30.0,
      -35.067623138427734,
      -30.50346565246582,
      -30.0,
      -33.57204818725586,
      -35.85767364501953,
      -30.0
    ]
  }
}