{
  "label": "c6_n14_s45",
  "n_odors": 14,
  "seed": 45,
  "accuracy": 0.6857142857142857,
  "centroid_accuracy": 0.6142857142857143,
  "kc_sparsity": 0.10844907462596894,
  "decorrelation": {
    "al": -9.469891871400748,
    "mb": 36.85096583716496,
    "total": 31.82628199644848
  },
  "mancini": {
    "ratio": 1.6195402298850576,
    "passes": true
  },
  "threshold_stats": {
    "n_kc": 144,
    "v_th_mean_mV": -35.47654342651367,
    "v_th_std_mV": 7.216024875640869,
    "v_th_min_mV": -54.58981704711914,
    "v_th_max_mV": -30.0,
    "v_th_median_mV": -33.17864990234375,
    "frac_at_upper_bound": 0.3472222222222222,
    "n_at_upper_bound": 50,
    "frac_at_lower_bound": 0.006944444444444444,
    "n_at_lower_bound": 1,
    "v_th_values_mV": [
      -36.02717971801758,
      -39.07269287109375,
      -53.212303161621094,
      -37.459293365478516,
      -36.44760513305664,
      -53.27023696899414,
      -53.86436462402344,
      -30.0,
      -35.84518814086914,
      -30.0,
      -30.0,
      -34.07502746582031,
      -34.07099151611328,
      -50.539154052734375,
      -53.48234176635742,
      -46.88835906982422,
      -39.788509368896484,
      -52.1036376953125,
      -44.7679557800293,
      -51.92123794555664,
      -30.0,
      -35.10523986816406,
      -31.278364181518555,
      -30.0,
      -32.609710693359375,
      -35.7901611328125,
      -54.58981704711914,
      -51.9727783203125,
      -31.832027435302734,
      -34.11518859863281,
      -53.671226501464844,
      -51.333824157714844,
      -34.05037307739258,
      -34.24911880493164,
      -30.0,
      -30.631784439086914,
      -36.98522186279297,
      -35.32600402832031,
      -34.176612854003906,
      -52.51211166381836,
      -53.56867980957031,
      -53.628273010253906,
      -34.64943313598633,
      -53.79684829711914,
      -53.42911911010742,
      -53.58678436279297,
      -33.02572250366211,
      -30.0,
      -30.93280029296875,
      -30.0,
      -32.56310272216797,
      -30.770320892333984,
      -30.0,
      -30.0,
      -30.0,
      -30.0,
      -34.2791748046875,
      -32.381526947021484,
      -30.0,
      -31.81985855102539,
      -30.0,
      -30.0,
      -30.0,
      -30.0,
      -30.0,
      -30.0,
      -30.3779239654541,
      -30.0,
      -30.0,
      -31.83556365966797,
      -34.37274169921875,
      -39.218299865722656,
      -33.050472259521484,
      -42.53702163696289,
      -32.55951690673828,
      -43.17710494995117,
      -30.0,
      -30.0,
      -33.0401725769043,
      -33.99452209472656,
      -34.231380462646484,
      -32.411590576171875,
      -40.030216217041016,
      -30.0,
      -30.0,
      -30.0,
      -32.314697265625,
      -30.0,
      -34.368438720703125,
      -36.2662353515625,
      -30.0,
      -34.114776611328125,
      -34.22377014160156,
      -34.72163391113281,
      -35.055999755859375,
      -35.22979736328125,
      -34.852508544921875,
      -34.1829948425293,
      -30.0,
      -34.5247917175293,
      -30.0,
      -36.030548095703125,
      -34.665794372558594,
      -30.0,
      -30.0,
      -35.06863021850586,
      -30.0,
      -30.0,
      -30.0,
      -34.72034454345703,
      -30.0,
      -30.0,
      -30.0,
      -32.42335891723633,
      -30.0,
      -30.0,
      -30.0,
      -30.0,
      -41.48953628540039,
      -30.0,
      -34.84580612182617,
      -34.46126174926758,
      -30.0,
      -30.0,
      -33.0974006652832,
      -43.49079895019531,
      -32.917144775390625,
      -30.0,
      -32.55550003051758,
      -35.61494445800781,
      -30.0,
      -30.0,
      -36.336708068847656,
      -33.186676025390625,
      -32.91139221191406,
      -36.092445373535156,
      -33.17061996459961,
      -33.315650939941406,
      -35.43270492553711,
      -36.07270050048828,
      -30.0,
      -35.88506317138672,
      -35.55649185180664,
      -37.09100341796875
    ]
  }
}