{
  "label": "c6_n7_s44",
  "n_odors": 7,
  "seed": 44,
  "accuracy": 0.8857142857142857,
  "centroid_accuracy": 0.7428571428571429,
  "kc_sparsity": 0.09129051119089127,
  "decorrelation": {
    "al": -27.39899127095333,
    "mb": 30.90365407359905,
    "total": 13.283521662467646
  },
  "mancini": {
    "ratio": 1.5755517826825127,
    "passes": true
  },
  "threshold_stats": {
    "n_kc": 144,
    "v_th_mean_mV": -35.59048843383789,
    "v_th_std_mV": 5.697484016418457,
    "v_th_min_mV": -52.71095275878906,
    "v_th_max_mV": -30.0,
    "v_th_median_mV": -34.44670104980469,
    "frac_at_upper_bound": 0.1875,
    "n_at_upper_bound": 27,
    "frac_at_lower_bound": 0.0,
    "n_at_lower_bound": 0,
    "v_th_values_mV": [
      -32.39906311035156,
      -32.87288284301758,
      -49.762638092041016,
      -31.991418838500977,
      -33.78573989868164,
      -45.883697509765625,
      -46.009212493896484,
      -30.650127410888672,
      -30.0,
      -30.0,
      -30.0,
      -35.470706939697266,
      -34.98347473144531,
      -30.973909378051758,
      -30.291879653930664,
      -41.599544525146484,
      -40.95231246948242,
      -49.264617919921875,
      -37.596832275390625,
      -50.403568267822266,
      -30.0,
      -35.61131286621094,
      -49.80055618286133,
      -50.25192642211914,
      -49.79296112060547,
      -51.67326736450195,
      -48.315006256103516,
      -48.55881881713867,
      -33.058658599853516,
      -38.47768020629883,
      -33.1202278137207,
      -36.230831146240234,
      -34.10017395019531,
      -35.132530212402344,
      -30.31019401550293,
      -30.916471481323242,
      -36.674434661865234,
      -35.89910125732422,
      -35.199005126953125,
      -48.167667388916016,
      -46.21199417114258,
      -48.76310348510742,
      -36.61700439453125,
      -47.99398422241211,
      -52.395301818847656,
      -52.71095275878906,
      -34.572540283203125,
      -32.28593826293945,
      -32.221214294433594,
      -30.0,
      -36.43856430053711,
      -33.540584564208984,
      -31.644805908203125,
      -33.24714279174805,
      -31.97104835510254,
      -30.0,
      -38.80317687988281,
      -36.59519577026367,
      -34.054725646972656,
      -32.54201126098633,
      -34.242431640625,
      -30.0,
      -31.770057678222656,
      -31.863998413085938,
      -30.0,
      -39.85009002685547,
      -32.60966110229492,
      -35.15140151977539,
      -31.918201446533203,
      -30.0,
      -38.40125274658203,
      -30.0,
      -37.15373229980469,
      -37.918582916259766,
      -30.0,
      -41.8632926940918,
      -31.802974700927734,
      -30.832277297973633,
      -34.74424362182617,
      -34.04563522338867,
      -33.96297073364258,
      -33.51889419555664,
      -36.05533981323242,
      -35.70000076293945,
      -32.64509963989258,
      -30.0,
      -30.0,
      -35.04371643066406,
      -35.18217086791992,
      -35.77568435668945,
      -30.635799407958984,
      -34.736427307128906,
      -35.50013732910156,
      -35.261898040771484,
      -37.8337516784668,
      -37.30999755859375,
      -34.948055267333984,
      -34.85413360595703,
      -30.0,
      -32.953216552734375,
      -34.174312591552734,
      -39.04507827758789,
      -37.26070022583008,
      -38.63434982299805,
      -30.0,
      -34.920108795166016,
      -30.0,
      -32.11133575439453,
      -30.0,
      -35.619285583496094,
      -36.653133392333984,
      -32.61094665527344,
      -30.0,
      -31.504295349121094,
      -30.0,
      -34.11256408691406,
      -36.026039123535156,
      -30.0,
      -30.0,
      -35.45013427734375,
      -34.335472106933594,
      -34.006690979003906,
      -33.21308135986328,
      -30.0,
      -33.473567962646484,
      -37.63234329223633,
      -33.4089241027832,
      -30.457508087158203,
      -34.557926177978516,
      -36.20500564575195,
      -31.231868743896484,
      -33.54830551147461,
      -30.0,
      -34.58149337768555,
      -35.25511932373047,
      -36.37425231933594,
      -34.951961517333984,
      -35.06890869140625,
      -35.67323684692383,
      -33.27252960205078,
      -32.543663024902344,
      -36.03676223754883,
      -36.20254898071289,
      -30.0
    ]
  }
}