{
  "label": "c6_n56_s42",
  "n_odors": 56,
  "seed": 42,
  "accuracy": 0.8678571428571429,
  "centroid_accuracy": 0.7946428571428571,
  "kc_sparsity": 0.1032744985487726,
  "decorrelation": {
    "al": 9.733384037979953,
    "mb": 36.37883158623264,
    "total": 42.7991179210092
  },
  "mancini": {
    "ratio": 1.8993610223642172,
    "passes": true
  },
  "threshold_stats": {
    "n_kc": 144,
    "v_th_mean_mV": -35.4278564453125,
    "v_th_std_mV": 8.471177101135254,
    "v_th_min_mV": -54.44965744018555,
    "v_th_max_mV": -30.0,
    "v_th_median_mV": -30.068687438964844,
    "frac_at_upper_bound": 0.5347222222222222,
    "n_at_upper_bound": 77,
    "frac_at_lower_bound": 0.0,
    "n_at_lower_bound": 0,
    "v_th_values_mV": [
      -30.0223331451416,
      -52.10133361816406,
      -50.603675842285156,
      -36.064395904541016,
      -30.0,
      -53.103370666503906,
      -50.74314880371094,
      -30.003501892089844,
      -32.0020866394043,
      -30.81385612487793,
      -48.235164642333984,
      -37.15468978881836,
      -32.202144622802734,
      -47.44561767578125,
      -51.016143798828125,
      -51.26799774169922,
      -51.54732894897461,
      -49.29266357421875,
      -52.94046401977539,
      -52.13722610473633,
      -33.6828498840332,
      -31.26605987548828,
      -46.00843811035156,
      -51.39453125,
      -48.90199279785156,
      -51.07191848754883,
      -54.44965744018555,
      -53.46876907348633,
      -51.405635833740234,
      -45.49213409423828,
      -51.1201286315918,
      -51.405208587646484,
      -31.87298011779785,
      -32.195762634277344,
      -31.447715759277344,
      -51.686519622802734,
      -33.118656158447266,
      -33.74961471557617,
      -31.777936935424805,
      -49.483428955078125,
      -52.21067810058594,
      -52.448158264160156,
      -32.22071838378906,
      -52.3455810546875,
      -52.17415237426758,
      -52.118988037109375,
      -30.0,
      -50.76595687866211,
      -47.717227935791016,
      -30.08121109008789,
      -30.99656105041504,
      -30.0,
      -30.0,
      -30.0,
      -30.0,
      -30.0,
      -30.0,
      -30.34965705871582,
      -30.0,
      -30.0,
      -30.0,
      -30.0,
      -30.0,
      -30.0,
      -30.17121696472168,
      -30.0,
      -30.0,
      -30.0,
      -30.140127182006836,
      -30.0,
      -30.05616569519043,
      -30.0,
      -30.0,
      -32.448211669921875,
      -30.0,
      -51.06349563598633,
      -30.0,
      -30.0,
      -30.0,
      -30.0,
      -40.73987579345703,
      -30.0,
      -30.0,
      -30.0,
      -30.0,
      -30.0,
      -30.0,
      -32.68587875366211,
      -30.0,
      -32.614009857177734,
      -30.0,
      -31.0308837890625,
      -34.145938873291016,
      -34.1378059387207,
      -30.0,
      -34.111106872558594,
      -32.239925384521484,
      -32.235595703125,
      -30.0,
      -30.0,
      -30.0,
      -30.0,
      -33.7579231262207,
      -30.0,
      -30.0,
      -30.0,
      -30.016490936279297,
      -30.0,
      -30.00269889831543,
      -32.845237731933594,
      -30.0,
      -30.0,
      -30.0,
      -30.0,
      -30.0,
      -30.0,
      -30.0,
      -30.0,
      -30.0,
      -31.60489273071289,
      -30.0,
      -30.419713973999023,
      -30.0,
      -30.0,
      -30.0,
      -34.60646057128906,
      -30.0,
      -30.00066566467285,
      -30.0,
      -31.103052139282227,
      -30.0,
      -30.0,
      -30.0,
      -30.0,
      -30.0,
      -32.66020965576172,
      -30.0,
      -30.0,
      -33.04496765136719,
      -30.0,
      -30.0,
      -32.156063079833984,
      -35.4599723815918,
      -38.987117767333984
    ]
  }
}